{"train_loss": 0.03118387795984745, "train_acc": 0.984375, "epoch": 2, "trainer/global_step": 1099, "_timestamp": 1704469707.810697, "_runtime": 63.51638913154602, "_step": 21, "_wandb": {"runtime": 64}}